ArticleTitle,ArticleURL,ArticleDownUrl,ArticleDownUrl0,ArticleDIO,ArticleRef
Strategic human resource management and industrial relations,https://journals.sagepub.com/doi/abs/10.1177/001872678904200204,https://moscow.sci-hub.se/1831/587dd681b09f49ea9f75f1e574d5b4f1/schuler1989.pdf,https://cdn1.booksdl.org/index.php?req=10.1177/001872678904200204,10.1177/001872678904200204,"Schuler R S. Strategic human resource management and industrial relations[J]. Human relations, 1989, 42(2): 157-184."
Developing an organization capable of implementing strategy and learning,https://journals.sagepub.com/doi/abs/10.1177/001872679604900504,https://moscow.sci-hub.se/3030/a46d3b8d346aa94319be8673dac55a34/beer1996.pdf,https://cdn1.booksdl.org/index.php?req=10.1177/001872679604900504,10.1177/001872679604900504,"Beer M, Eisenstat R A. Developing an organization capable of implementing strategy and learning[J]. Human relations, 1996, 49(5): 597-619."
Breaking the glass ceiling: The effects of sex ratios and work-life programs on female leadership at the top,https://journals.sagepub.com/doi/abs/10.1177/0018726703056005002,https://zero.sci-hub.se/3011/39c7a27c8c4ea3ef3ab51d3f1dcc75a1/dreher2003.pdf,https://www.researchgate.net/profile/George-Dreher/publication/247717623_Breaking_the_Glass_Ceiling_The_Effects_of_Sex_Ratios_and_Work-Life_Programs_on_Female_Leadership_at_the_Top/links/546259440cf2837efdaff81e/Breaking-the-Glass-Ceiling-The-Effects-of-Sex-Ratios-and-Work-Life-Programs-on-Female-Leadership-at-the-Top.pdf,10.1177/0018726703056005002,"Dreher G F. Breaking the glass ceiling: The effects of sex ratios and work-life programs on female leadership at the top[J]. Human relations, 2003, 56(5): 541-562."
High performance work systems and performance: The role of adaptive capability,https://journals.sagepub.com/doi/abs/10.1177/0018726709359720,https://zero.sci-hub.se/3071/4f14f371b5ac47b71c1656226af3e45f/wei2010.pdf,https://cdn1.booksdl.org/index.php?req=10.1177/0018726709359720,10.1177/0018726709359720,"Wei L Q, Lau C M. High performance work systems and performance: The role of adaptive capability[J]. Human Relations, 2010, 63(10): 1487-1511."
Representations of work—life balance support,https://journals.sagepub.com/doi/abs/10.1177/0018726709349197,https://zero.sci-hub.se/3697/515ce9c0c4356801437a848727f57c9a/mescher2009.pdf,https://www.researchgate.net/profile/Yvonne-Benschop/publication/247718007_Representations_of_Work-Life_Balance_Support/links/0046353c798bbd7409000000/Representations-of-Work-Life-Balance-Support.pdf,10.1177/0018726709349197,"Mescher S, Benschop Y, Doorewaard H. Representations of work—life balance support[J]. Human Relations, 2010, 63(1): 21-39."
Contested terrain in careers: A psychological contract model,https://journals.sagepub.com/doi/abs/10.1177/0018726710384289,https://moscow.sci-hub.se/3811/fd74ba93f7a2722d6ee74e7c5d1f190c/inkson2010.pdf,https://journals.sagepub.com/doi/pdf/10.1177/0018726710384289,10.1177/0018726710384289,"Inkson K, King Z. Contested terrain in careers: A psychological contract model[J]. Human relations, 2011, 64(1): 37-57."
Human resource department power and influence through symbolic action,https://journals.sagepub.com/doi/abs/10.1177/001872679705001104,https://moscow.sci-hub.se/3854/6e92729749e9322e5d9334176daa9682/galang1997.pdf,https://cdn1.booksdl.org/index.php?req=10.1177/001872679705001104,10.1177/001872679705001104,"Galang M C, Ferris G R. Human resource department power and influence through symbolic action[J]. Human Relations, 1997, 50(11): 1403-1426."
"The romance of human resource management and business performance, and the case for big science",https://journals.sagepub.com/doi/abs/10.1177/0018726705055032,https://moscow.sci-hub.se/3145/57f30081b6d451a3a8bbff07723b498d/wall2005.pdf,https://journals.sagepub.com/doi/pdf/10.1177/0018726705055032,10.1177/0018726705055032,"Wall T D, Wood S J. The romance of human resource management and business performance, and the case for big science[J]. Human relations, 2005, 58(4): 429-462."
"Reinventing human resource management: Business partners, internal consultants and the limits to professionalization",https://journals.sagepub.com/doi/abs/10.1177/0018726708094860,https://moscow.sci-hub.se/3561/f04778fe0750f8e88e40eb30d54cbd0a/wright2008.pdf,https://www.researchgate.net/profile/Christopher-Wright-18/publication/233730291_Reinventing_Human_Resource_Management_Business_Partners_Internal_Consultants_and_the_Limits_to_Professionalisation/links/54b4c57a0cf26833efd02af8/Reinventing-Human-Resource-Management-Business-Partners-Internal-Consultants-and-the-Limits-to-Professionalisation.pdf,10.1177/0018726708094860,"Wright C. Reinventing human resource management: Business partners, internal consultants and the limits to professionalization[J]. Human relations, 2008, 61(8): 1063-1086."
Service-oriented high-performance work systems and service role performance: Applying an integrated extended self and psychological ownership framework,https://journals.sagepub.com/doi/abs/10.1177/00187267211035656,https://sci-hub.se/10.1177/00187267211035656,https://eprints.whiterose.ac.uk/176269/3/Human%20Relations-Final%20Version_19%20May%202021.pdf,10.1177/00187267211035656,"Jo H, Aryee S, Hsiung H H, et al. Service-oriented high-performance work systems and service role performance: Applying an integrated extended self and psychological ownership framework[J]. Human Relations, 2021: 00187267211035656."
Strategic human resource management and industrial relations,https://journals.sagepub.com/doi/abs/10.1177/001872678904200204,https://moscow.sci-hub.se/1831/587dd681b09f49ea9f75f1e574d5b4f1/schuler1989.pdf,https://cdn1.booksdl.org/index.php?req=10.1177/001872678904200204,10.1177/001872678904200204,
Developing an organization capable of implementing strategy and learning,https://journals.sagepub.com/doi/abs/10.1177/001872679604900504,https://moscow.sci-hub.se/3030/a46d3b8d346aa94319be8673dac55a34/beer1996.pdf,https://cdn1.booksdl.org/index.php?req=10.1177/001872679604900504,10.1177/001872679604900504,
Breaking the glass ceiling: The effects of sex ratios and work-life programs on female leadership at the top,https://journals.sagepub.com/doi/abs/10.1177/0018726703056005002,https://zero.sci-hub.se/3011/39c7a27c8c4ea3ef3ab51d3f1dcc75a1/dreher2003.pdf,https://www.researchgate.net/profile/George-Dreher/publication/247717623_Breaking_the_Glass_Ceiling_The_Effects_of_Sex_Ratios_and_Work-Life_Programs_on_Female_Leadership_at_the_Top/links/546259440cf2837efdaff81e/Breaking-the-Glass-Ceiling-The-Effects-of-Sex-Ratios-and-Work-Life-Programs-on-Female-Leadership-at-the-Top.pdf,10.1177/0018726703056005002,
High performance work systems and performance: The role of adaptive capability,https://journals.sagepub.com/doi/abs/10.1177/0018726709359720,https://zero.sci-hub.se/3071/4f14f371b5ac47b71c1656226af3e45f/wei2010.pdf,https://cdn1.booksdl.org/index.php?req=10.1177/0018726709359720,10.1177/0018726709359720,
Representations of work—life balance support,https://journals.sagepub.com/doi/abs/10.1177/0018726709349197,https://zero.sci-hub.se/3697/515ce9c0c4356801437a848727f57c9a/mescher2009.pdf,https://www.researchgate.net/profile/Yvonne-Benschop/publication/247718007_Representations_of_Work-Life_Balance_Support/links/0046353c798bbd7409000000/Representations-of-Work-Life-Balance-Support.pdf,10.1177/0018726709349197,
Contested terrain in careers: A psychological contract model,https://journals.sagepub.com/doi/abs/10.1177/0018726710384289,https://moscow.sci-hub.se/3811/fd74ba93f7a2722d6ee74e7c5d1f190c/inkson2010.pdf,https://journals.sagepub.com/doi/pdf/10.1177/0018726710384289,10.1177/0018726710384289,
Human resource department power and influence through symbolic action,https://journals.sagepub.com/doi/abs/10.1177/001872679705001104,https://moscow.sci-hub.se/3854/6e92729749e9322e5d9334176daa9682/galang1997.pdf,https://cdn1.booksdl.org/index.php?req=10.1177/001872679705001104,10.1177/001872679705001104,
"The romance of human resource management and business performance, and the case for big science",https://journals.sagepub.com/doi/abs/10.1177/0018726705055032,https://moscow.sci-hub.se/3145/57f30081b6d451a3a8bbff07723b498d/wall2005.pdf,https://journals.sagepub.com/doi/pdf/10.1177/0018726705055032,10.1177/0018726705055032,
"Reinventing human resource management: Business partners, internal consultants and the limits to professionalization",https://journals.sagepub.com/doi/abs/10.1177/0018726708094860,https://moscow.sci-hub.se/3561/f04778fe0750f8e88e40eb30d54cbd0a/wright2008.pdf,https://www.researchgate.net/profile/Christopher-Wright-18/publication/233730291_Reinventing_Human_Resource_Management_Business_Partners_Internal_Consultants_and_the_Limits_to_Professionalisation/links/54b4c57a0cf26833efd02af8/Reinventing-Human-Resource-Management-Business-Partners-Internal-Consultants-and-the-Limits-to-Professionalisation.pdf,10.1177/0018726708094860,
Service-oriented high-performance work systems and service role performance: Applying an integrated extended self and psychological ownership framework,https://journals.sagepub.com/doi/abs/10.1177/00187267211035656,https://sci-hub.se/10.1177/00187267211035656,https://eprints.whiterose.ac.uk/176269/3/Human%20Relations-Final%20Version_19%20May%202021.pdf,10.1177/00187267211035656,
Strategic human resource management and industrial relations,https://journals.sagepub.com/doi/abs/10.1177/001872678904200204,https://moscow.sci-hub.se/1831/587dd681b09f49ea9f75f1e574d5b4f1/schuler1989.pdf,https://cdn1.booksdl.org/index.php?req=10.1177/001872678904200204,10.1177/001872678904200204,
Developing an organization capable of implementing strategy and learning,https://journals.sagepub.com/doi/abs/10.1177/001872679604900504,https://moscow.sci-hub.se/3030/a46d3b8d346aa94319be8673dac55a34/beer1996.pdf,https://cdn1.booksdl.org/index.php?req=10.1177/001872679604900504,10.1177/001872679604900504,
Breaking the glass ceiling: The effects of sex ratios and work-life programs on female leadership at the top,https://journals.sagepub.com/doi/abs/10.1177/0018726703056005002,https://zero.sci-hub.se/3011/39c7a27c8c4ea3ef3ab51d3f1dcc75a1/dreher2003.pdf,https://www.researchgate.net/profile/George-Dreher/publication/247717623_Breaking_the_Glass_Ceiling_The_Effects_of_Sex_Ratios_and_Work-Life_Programs_on_Female_Leadership_at_the_Top/links/546259440cf2837efdaff81e/Breaking-the-Glass-Ceiling-The-Effects-of-Sex-Ratios-and-Work-Life-Programs-on-Female-Leadership-at-the-Top.pdf,10.1177/0018726703056005002,
High performance work systems and performance: The role of adaptive capability,https://journals.sagepub.com/doi/abs/10.1177/0018726709359720,https://zero.sci-hub.se/3071/4f14f371b5ac47b71c1656226af3e45f/wei2010.pdf,https://cdn1.booksdl.org/index.php?req=10.1177/0018726709359720,10.1177/0018726709359720,
Representations of work—life balance support,https://journals.sagepub.com/doi/abs/10.1177/0018726709349197,https://zero.sci-hub.se/3697/515ce9c0c4356801437a848727f57c9a/mescher2009.pdf,https://www.researchgate.net/profile/Yvonne-Benschop/publication/247718007_Representations_of_Work-Life_Balance_Support/links/0046353c798bbd7409000000/Representations-of-Work-Life-Balance-Support.pdf,10.1177/0018726709349197,
Contested terrain in careers: A psychological contract model,https://journals.sagepub.com/doi/abs/10.1177/0018726710384289,https://moscow.sci-hub.se/3811/fd74ba93f7a2722d6ee74e7c5d1f190c/inkson2010.pdf,https://journals.sagepub.com/doi/pdf/10.1177/0018726710384289,10.1177/0018726710384289,
Human resource department power and influence through symbolic action,https://journals.sagepub.com/doi/abs/10.1177/001872679705001104,https://moscow.sci-hub.se/3854/6e92729749e9322e5d9334176daa9682/galang1997.pdf,https://cdn1.booksdl.org/index.php?req=10.1177/001872679705001104,10.1177/001872679705001104,
"The romance of human resource management and business performance, and the case for big science",https://journals.sagepub.com/doi/abs/10.1177/0018726705055032,https://moscow.sci-hub.se/3145/57f30081b6d451a3a8bbff07723b498d/wall2005.pdf,https://journals.sagepub.com/doi/pdf/10.1177/0018726705055032,10.1177/0018726705055032,
"Reinventing human resource management: Business partners, internal consultants and the limits to professionalization",https://journals.sagepub.com/doi/abs/10.1177/0018726708094860,https://moscow.sci-hub.se/3561/f04778fe0750f8e88e40eb30d54cbd0a/wright2008.pdf,https://www.researchgate.net/profile/Christopher-Wright-18/publication/233730291_Reinventing_Human_Resource_Management_Business_Partners_Internal_Consultants_and_the_Limits_to_Professionalisation/links/54b4c57a0cf26833efd02af8/Reinventing-Human-Resource-Management-Business-Partners-Internal-Consultants-and-the-Limits-to-Professionalisation.pdf,10.1177/0018726708094860,
Service-oriented high-performance work systems and service role performance: Applying an integrated extended self and psychological ownership framework,https://journals.sagepub.com/doi/abs/10.1177/00187267211035656,https://sci-hub.se/10.1177/00187267211035656,https://eprints.whiterose.ac.uk/176269/3/Human%20Relations-Final%20Version_19%20May%202021.pdf,10.1177/00187267211035656,
Strategic human resource management and industrial relations,https://journals.sagepub.com/doi/abs/10.1177/001872678904200204,https://moscow.sci-hub.se/1831/587dd681b09f49ea9f75f1e574d5b4f1/schuler1989.pdf,https://cdn1.booksdl.org/index.php?req=10.1177/001872678904200204,10.1177/001872678904200204,
Developing an organization capable of implementing strategy and learning,https://journals.sagepub.com/doi/abs/10.1177/001872679604900504,https://moscow.sci-hub.se/3030/a46d3b8d346aa94319be8673dac55a34/beer1996.pdf,https://cdn1.booksdl.org/index.php?req=10.1177/001872679604900504,10.1177/001872679604900504,
Breaking the glass ceiling: The effects of sex ratios and work-life programs on female leadership at the top,https://journals.sagepub.com/doi/abs/10.1177/0018726703056005002,https://zero.sci-hub.se/3011/39c7a27c8c4ea3ef3ab51d3f1dcc75a1/dreher2003.pdf,https://www.researchgate.net/profile/George-Dreher/publication/247717623_Breaking_the_Glass_Ceiling_The_Effects_of_Sex_Ratios_and_Work-Life_Programs_on_Female_Leadership_at_the_Top/links/546259440cf2837efdaff81e/Breaking-the-Glass-Ceiling-The-Effects-of-Sex-Ratios-and-Work-Life-Programs-on-Female-Leadership-at-the-Top.pdf,10.1177/0018726703056005002,
High performance work systems and performance: The role of adaptive capability,https://journals.sagepub.com/doi/abs/10.1177/0018726709359720,https://zero.sci-hub.se/3071/4f14f371b5ac47b71c1656226af3e45f/wei2010.pdf,https://cdn1.booksdl.org/index.php?req=10.1177/0018726709359720,10.1177/0018726709359720,
Representations of work—life balance support,https://journals.sagepub.com/doi/abs/10.1177/0018726709349197,https://zero.sci-hub.se/3697/515ce9c0c4356801437a848727f57c9a/mescher2009.pdf,https://www.researchgate.net/profile/Yvonne-Benschop/publication/247718007_Representations_of_Work-Life_Balance_Support/links/0046353c798bbd7409000000/Representations-of-Work-Life-Balance-Support.pdf,10.1177/0018726709349197,
Contested terrain in careers: A psychological contract model,https://journals.sagepub.com/doi/abs/10.1177/0018726710384289,https://moscow.sci-hub.se/3811/fd74ba93f7a2722d6ee74e7c5d1f190c/inkson2010.pdf,https://journals.sagepub.com/doi/pdf/10.1177/0018726710384289,10.1177/0018726710384289,
Human resource department power and influence through symbolic action,https://journals.sagepub.com/doi/abs/10.1177/001872679705001104,https://moscow.sci-hub.se/3854/6e92729749e9322e5d9334176daa9682/galang1997.pdf,https://cdn1.booksdl.org/index.php?req=10.1177/001872679705001104,10.1177/001872679705001104,
"The romance of human resource management and business performance, and the case for big science",https://journals.sagepub.com/doi/abs/10.1177/0018726705055032,https://moscow.sci-hub.se/3145/57f30081b6d451a3a8bbff07723b498d/wall2005.pdf,https://journals.sagepub.com/doi/pdf/10.1177/0018726705055032,10.1177/0018726705055032,
"Reinventing human resource management: Business partners, internal consultants and the limits to professionalization",https://journals.sagepub.com/doi/abs/10.1177/0018726708094860,https://moscow.sci-hub.se/3561/f04778fe0750f8e88e40eb30d54cbd0a/wright2008.pdf,https://www.researchgate.net/profile/Christopher-Wright-18/publication/233730291_Reinventing_Human_Resource_Management_Business_Partners_Internal_Consultants_and_the_Limits_to_Professionalisation/links/54b4c57a0cf26833efd02af8/Reinventing-Human-Resource-Management-Business-Partners-Internal-Consultants-and-the-Limits-to-Professionalisation.pdf,10.1177/0018726708094860,
Service-oriented high-performance work systems and service role performance: Applying an integrated extended self and psychological ownership framework,https://journals.sagepub.com/doi/abs/10.1177/00187267211035656,https://sci-hub.se/10.1177/00187267211035656,https://eprints.whiterose.ac.uk/176269/3/Human%20Relations-Final%20Version_19%20May%202021.pdf,10.1177/00187267211035656,
Human resource management and the appropriation learning perspective,https://link.springer.com/article/10.1023/A:1016959813484,https://moscow.sci-hub.se/1098/3571a6338ffce267e9e472168bdc01d9/kamoche1998.pdf,/pay/payonline,10.1023/A:1016959813484,
Workplace romances between senior-level executives and lower-level employees: An issue of work disruption and gender,https://journals.sagepub.com/doi/abs/10.1177/00187267015411005,https://moscow.sci-hub.se/3984/0a914ab7e1e452dffefd1d4d1f93df38/powell2001.pdf,/pay/payonline,10.1177/00187267015411005,
"Commitment, flexibility and the choice of employment contracts",https://journals.sagepub.com/doi/abs/10.1177/0018726705057170,https://moscow.sci-hub.se/2506/d7fda4e90a672b29680d9bf718930417/kulkarni2005.pdf,/pay/payonline,10.1177/0018726705057170,
Job types and job quality in Europe,https://journals.sagepub.com/doi/abs/10.1177/0018726712456407,https://moscow.sci-hub.se/3505/ed6b2ffff17e1223c32bdbc7f099b286/holman2012.pdf,/pay/payonline,10.1177/0018726712456407,
Survey response rate levels and trends in organizational research,https://journals.sagepub.com/doi/abs/10.1177/0018726708094863,https://moscow.sci-hub.se/2278/c73d6139acdce6dd42cd48a806ee844c/baruch2008.pdf,/pay/payonline,10.1177/0018726708094863,
Work—life initiatives and organizational change: Overcoming mixed messages to move from the margin to the mainstream,https://journals.sagepub.com/doi/abs/10.1177/0018726709352385,https://moscow.sci-hub.se/2288/a1c3a39455e38577ab8a53e70707bba3/ernstkossek2009.pdf,/pay/payonline,10.1177/0018726709352385,
Understanding the work passion–performance relationship: The mediating role of organizational identification and moderating role of fit at work,https://journals.sagepub.com/doi/abs/10.1177/0018726714555204,https://zero.sci-hub.se/6722/615740b782dba08eabfbc21ac40a6ace/astakhova2015.pdf,/pay/payonline,10.1177/0018726714555204,
A lifespan perspective for understanding career self-management and satisfaction: The role of developmental human resource practices and organizational support,https://journals.sagepub.com/doi/abs/10.1177/0018726717715075,https://sci-hub.se/10.1177/0018726717715075,/pay/payonline,10.1177/0018726717715075,
Employees' overall perception of HRM effectiveness,https://journals.sagepub.com/doi/abs/10.1177/0018726705055037,https://zero.sci-hub.se/3790/b7886f3778807c15573ba15ff451ec25/chang2005.pdf,/pay/payonline,10.1177/0018726705055037,
Individualism/collectivism orientations and reactions toward alternative human resource management practices,https://link.springer.com/article/10.1023/A:1016954217602,https://moscow.sci-hub.se/1098/6208bf0c48349c60df6fc63548098cf5/ramamoorthy1998.pdf,/pay/payonline,10.1023/A:1016954217602,
The role of intuition in strategic decision making,https://journals.sagepub.com/doi/abs/10.1177/0018726700531004,https://moscow.sci-hub.se/2650/4b23f903b24cf678af5236ccce4cd967/khatri2000.pdf,/pay/payonline,10.1177/0018726700531004,
[PDF][PDF] Organizational change in corporate settings,https://journals.sagepub.com/doi/pdf/10.1177/001872679604900501,https://moscow.sci-hub.se/4121/2c68fad36ad13e6c470b78b5e6d42d83/dunphy1996.pdf,/pay/payonline,10.1177/001872679604900501,
The downside of downsizing,https://link.springer.com/article/10.1023/A:1016901315958,https://moscow.sci-hub.se/1098/8ff54f56b379d2666049f9f636d0fdb5/devries1997.pdf,/pay/payonline,10.1023/A:1016901315958,
The effects of diversity on small work group processes and performance,https://journals.sagepub.com/doi/abs/10.1177/001872679805101005,https://zero.sci-hub.se/3014/e45a91e9a46748ea776a64c74b115022/shaw1998.pdf,/pay/payonline,10.1177/001872679805101005,
Multiple types of psychological contracts: A six-cluster solution,https://journals.sagepub.com/doi/abs/10.1177/00187267035611004,https://moscow.sci-hub.se/2650/a533e22307a273925cc3f917722763c6/janssens2003.pdf,/pay/payonline,10.1177/00187267035611004,
The role of relational resources in the knowledge management capability and innovation of professional service firms,https://journals.sagepub.com/doi/abs/10.1177/0018726714543479,https://zero.sci-hub.se/3071/3ae230fd79ff08a3ee1db244a2985bf4/fu2014.pdf,/pay/payonline,10.1177/0018726714543479,
Diversity of social ties and creativity: Creative self-efficacy as mediator and tie strength as moderator,https://journals.sagepub.com/doi/abs/10.1177/0018726719866001,https://sci-hub.se/10.1177/0018726719866001,/pay/payonline,10.1177/0018726719866001,
Workplace romances in cold and hot organizational climates: The experience of Israel and Taiwan,https://journals.sagepub.com/doi/abs/10.1177/0018726706062739,https://moscow.sci-hub.se/1864/bb61b6d142b21fb72a4529307c6c0ad6/mano2006.pdf,/pay/payonline,10.1177/0018726706062739,
High road and low road teamworking: Perceptions of management rationales and organizational and human resource outcomes,https://journals.sagepub.com/doi/abs/10.1177/00187267005311002,https://zero.sci-hub.se/6301/dc3152dfd4bc2d34e0004589ee6301b1/bacon2000.pdf,/pay/payonline,10.1177/00187267005311002,
Family interference and employee dissatisfaction: Do agreeable employees better cope with stress?,https://journals.sagepub.com/doi/abs/10.1177/0018726714539714,https://moscow.sci-hub.se/4488/aa7f9fad995855ba4c41d2991c9b086a/anand2014.pdf,/pay/payonline,10.1177/0018726714539714,
Not welcome here: Discrimination towards women who wear the Muslim headscarf,https://journals.sagepub.com/doi/abs/10.1177/0018726712469540,https://moscow.sci-hub.se/3746/f024066b54dea63d5b5cc01aa4a4b830/ghumman2013.pdf,/pay/payonline,10.1177/0018726712469540,
A trickle-down model of task and development i-deals,https://journals.sagepub.com/doi/abs/10.1177/0018726717751613,https://zero.sci-hub.se/6758/7a36f3c80f148d9a8fd2cce72d31347b/rofcanin2018.pdf,/pay/payonline,10.1177/0018726717751613,
Expanding the boundaries of boundary theory: Regulative institutions and work–family role management,https://journals.sagepub.com/doi/abs/10.1177/0018726714524241,https://moscow.sci-hub.se/2322/9218045e15e393e140982a565908474d/piszczek2014.pdf,/pay/payonline,10.1177/0018726714524241,
Ask and you shall receive? Gender differences in negotiators' beliefs about requests for a higher salary,https://journals.sagepub.com/doi/abs/10.1177/00187267030566001,https://moscow.sci-hub.se/3761/44c5546929673bd0484fd084b6cc63c5/barron2003.pdf,/pay/payonline,10.1177/00187267030566001,
The influence of human factors and specialist involvement on information systems success,https://link.springer.com/article/10.1023/A:1016976501131,https://moscow.sci-hub.se/1098/17a13795e38ad8f775fcc0a51d92428e/martinsons1999.pdf,/pay/payonline,10.1023/A:1016976501131,
The organizational fool: Balancing a leader's hubris,https://journals.sagepub.com/doi/abs/10.1177/001872679004300804,https://moscow.sci-hub.se/4173/d2c436117b6c6bdc193f2b2c9c138e16/devries1990.pdf,/pay/payonline,10.1177/001872679004300804,
Understanding social loafing: The role of justice perceptions and exchange relationships,https://journals.sagepub.com/doi/abs/10.1177/0018726703056001450,https://zero.sci-hub.se/2645/7054e7a96592cfa770cd867544b41251/murphy2003.pdf,/pay/payonline,10.1177/0018726703056001450,
Employee reactions to office redesign: A naturally occurring quasi-field experiment in a multi-generational setting,https://journals.sagepub.com/doi/abs/10.1177/0018726709342932,https://moscow.sci-hub.se/3548/315f0a3e22c4d80d4296fa2d6fbfb729/mcelroy2010.pdf,/pay/payonline,10.1177/0018726709342932,
Doing more with less? Flexible working practices and the intensification of work,https://journals.sagepub.com/doi/abs/10.1177/0018726709349199,https://moscow.sci-hub.se/4529/a8bbb3982fd76f2ba01c1bcbc498e948/kelliher2009.pdf,/pay/payonline,10.1177/0018726709349199,
Private equity and human resource management:'Barbarians at the gate!'HR's wake-up call?,https://journals.sagepub.com/doi/abs/10.1177/0018726709349519,https://moscow.sci-hub.se/4104/e9e934314093df1c86aa61203f1e363c/boselie2010.pdf,/pay/payonline,10.1177/0018726709349519,
Perceptions of organizational readiness for change: Factors related to employees' reactions to the implementation of team-based selling,https://journals.sagepub.com/doi/abs/10.1177/0018726700533006,https://moscow.sci-hub.se/2764/18011d61e0748616aafcec9a17db5c68/eby2000.pdf,/pay/payonline,10.1177/0018726700533006,
Task interdependence as a moderator of the relation between group control and performance,https://link.springer.com/article/10.1023/A:1016921920501,https://moscow.sci-hub.se/1098/4dbad31d75b4966f6dcb7db6c3b71dc4/liden1997.pdf,/pay/payonline,10.1023/A:1016921920501,
Reward functions of personnel training,https://journals.sagepub.com/doi/abs/10.1177/001872678904200501,https://moscow.sci-hub.se/3056/27e7e0e44863aa84e90310e239a1655b/nordhaug1989.pdf,/pay/payonline,10.1177/001872678904200501,
Living with enterprise in an enterprise economy: Freelance and contract workers in the media,https://journals.sagepub.com/doi/abs/10.1177/0018726705058502,https://moscow.sci-hub.se/3622/f0d51493d6b60443d8e21c2444646931/storey2005.pdf,/pay/payonline,10.1177/0018726705058502,
The transferability of management practices: Examining cross-national differences in reward preferences,https://journals.sagepub.com/doi/abs/10.1177/0018726707082849,https://moscow.sci-hub.se/3919/b48ca10b02e6a65724240d05405c73df/chiang2007.pdf,/pay/payonline,10.1177/0018726707082849,
Supervisory approaches and paradoxes in managing telecommuting implementation,https://journals.sagepub.com/doi/abs/10.1177/0018726709104543,https://moscow.sci-hub.se/3769/b6bbf4b85a2b39ed2e00a5220a556398/lautsch2009.pdf,/pay/payonline,10.1177/0018726709104543,
Positive employee attitudes: how much human resource management do you need?,https://journals.sagepub.com/doi/abs/10.1177/0018726712465096,https://zero.sci-hub.se/3725/6b08e466f566eb1b415ea5052eb4ad17/white2013.pdf,/pay/payonline,10.1177/0018726712465096,
Working under intensive surveillance: When does 'measuring everything that moves' become intolerable?,https://journals.sagepub.com/doi/abs/10.1177/0018726711428958,https://moscow.sci-hub.se/3883/c62c2c2ef21a0b73e28d18c3118cfd94/sewell2012.pdf,/pay/payonline,10.1177/0018726711428958,
Enabling team learning when members are prone to contentious communication: The role of team leader coaching,https://journals.sagepub.com/doi/abs/10.1177/0018726715622673,https://moscow.sci-hub.se/5232/c796b07ce549296bf38063d12c9585b6/schaubroeck2016.pdf,/pay/payonline,10.1177/0018726715622673,
Employee voice and organizational performance: Team versus representative influence,https://journals.sagepub.com/doi/abs/10.1177/0018726709348936,https://moscow.sci-hub.se/3791/6372cef89e5500dc0fb87e6852f2d57a/kim2010.pdf,/pay/payonline,10.1177/0018726709348936,
The later Foucault in organization and management studies,https://journals.sagepub.com/doi/abs/10.1177/0018726708091016,https://moscow.sci-hub.se/3802/fd72e50754804868808269f471ece0d0/barratt2008.pdf,/pay/payonline,10.1177/0018726708091016,
"Temporal issues in person–organization fit, person–job fit and turnover: The role of leader–member exchange",https://journals.sagepub.com/doi/abs/10.1177/0018726716636945,https://moscow.sci-hub.se/5225/ad6ba5207cf6a14a7e9cf99552fe3f84/boon2016.pdf,/pay/payonline,10.1177/0018726716636945,
When and how does functional diversity influence team innovation? The mediating role of knowledge sharing and the moderation role of affect-based trust in a team,https://journals.sagepub.com/doi/abs/10.1177/0018726715615684,https://moscow.sci-hub.se/4935/7ff6dcc53efb7ae5bb4803495bd1604a/cheung2016.pdf,/pay/payonline,10.1177/0018726715615684,
Co-workers who telework and the impact on those in the office: Understanding the implications of virtual work for co-worker satisfaction and turnover intentions,https://journals.sagepub.com/doi/abs/10.1177/0018726707084303,https://moscow.sci-hub.se/3102/ef08c088ea54dbde7d05669b6a0d2a83/golden2007.pdf,/pay/payonline,10.1177/0018726707084303,
How symbolic remuneration contributes to the legitimacy of the company: An institutional explanation,https://journals.sagepub.com/doi/abs/10.1177/0018726706067598,https://moscow.sci-hub.se/3729/cfb3fd17ab7c186321ee8a575720e41c/fernandez-alles2006.pdf,/pay/payonline,10.1177/0018726706067598,
A multiple climates approach to understanding business unit effectiveness,https://journals.sagepub.com/doi/abs/10.1177/0018726710365090,https://moscow.sci-hub.se/4238/7cb0f195b6ddd785c1a9c7bbf9739dc6/maccormick2010.pdf,/pay/payonline,10.1177/0018726710365090,
"Interaction of gender, mentoring, and power distance on career attainment: A cross-cultural comparison",https://journals.sagepub.com/doi/abs/10.1177/0018726713490000,https://zero.sci-hub.se/2642/2903114176dd0b7fe6063277ab6ea805/ramaswami2013.pdf,/pay/payonline,10.1177/0018726713490000,
"High commitment management in the UK: Evidence from the workplace industrial relations survey, and employers' manpower and skills practices survey",https://link.springer.com/article/10.1023/A:1016941914876,https://moscow.sci-hub.se/1098/83ca49e27371c78ea43ab717ab1ecdc0/wood1998.pdf,/pay/payonline,10.1023/A:1016941914876,
Ethnic discrimination during résumé screening: Interactive effects of applicants' ethnic salience with job context,https://journals.sagepub.com/doi/abs/10.1177/0018726716676537,https://zero.sci-hub.se/6146/93f7284a105522c40683f5893e1c4d09/derous2016.pdf,/pay/payonline,10.1177/0018726716676537,
Creating readiness for organizational change,https://journals.sagepub.com/doi/abs/10.1177/001872679304600601,https://sci-hub.se/10.1177/001872679304600601,/pay/payonline,10.1177/001872679304600601,
Working identities? Antagonistic discursive resources and managerial identity,https://journals.sagepub.com/doi/abs/10.1177/0018726708101040,https://moscow.sci-hub.se/3763/cd2b206875afe81303f2bc06980495bd/clarke2009.pdf,/pay/payonline,10.1177/0018726708101040,
Private equity and human resource management:'Barbarians at the gate!'HR's wake-up call?,https://journals.sagepub.com/doi/abs/10.1177/0018726709349519,https://moscow.sci-hub.se/4104/e9e934314093df1c86aa61203f1e363c/boselie2010.pdf,/pay/payonline,10.1177/0018726709349519,
Perceptions of organizational readiness for change: Factors related to employees' reactions to the implementation of team-based selling,https://journals.sagepub.com/doi/abs/10.1177/0018726700533006,https://moscow.sci-hub.se/2764/18011d61e0748616aafcec9a17db5c68/eby2000.pdf,/pay/payonline,10.1177/0018726700533006,
Task interdependence as a moderator of the relation between group control and performance,https://link.springer.com/article/10.1023/A:1016921920501,https://moscow.sci-hub.se/1098/4dbad31d75b4966f6dcb7db6c3b71dc4/liden1997.pdf,/pay/payonline,10.1023/A:1016921920501,
Reward functions of personnel training,https://journals.sagepub.com/doi/abs/10.1177/001872678904200501,https://moscow.sci-hub.se/3056/27e7e0e44863aa84e90310e239a1655b/nordhaug1989.pdf,/pay/payonline,10.1177/001872678904200501,
Living with enterprise in an enterprise economy: Freelance and contract workers in the media,https://journals.sagepub.com/doi/abs/10.1177/0018726705058502,https://moscow.sci-hub.se/3622/f0d51493d6b60443d8e21c2444646931/storey2005.pdf,/pay/payonline,10.1177/0018726705058502,
The transferability of management practices: Examining cross-national differences in reward preferences,https://journals.sagepub.com/doi/abs/10.1177/0018726707082849,https://moscow.sci-hub.se/3919/b48ca10b02e6a65724240d05405c73df/chiang2007.pdf,/pay/payonline,10.1177/0018726707082849,
Supervisory approaches and paradoxes in managing telecommuting implementation,https://journals.sagepub.com/doi/abs/10.1177/0018726709104543,https://moscow.sci-hub.se/3769/b6bbf4b85a2b39ed2e00a5220a556398/lautsch2009.pdf,/pay/payonline,10.1177/0018726709104543,
Positive employee attitudes: how much human resource management do you need?,https://journals.sagepub.com/doi/abs/10.1177/0018726712465096,https://zero.sci-hub.se/3725/6b08e466f566eb1b415ea5052eb4ad17/white2013.pdf,/pay/payonline,10.1177/0018726712465096,
Working under intensive surveillance: When does 'measuring everything that moves' become intolerable?,https://journals.sagepub.com/doi/abs/10.1177/0018726711428958,https://moscow.sci-hub.se/3883/c62c2c2ef21a0b73e28d18c3118cfd94/sewell2012.pdf,/pay/payonline,10.1177/0018726711428958,
Enabling team learning when members are prone to contentious communication: The role of team leader coaching,https://journals.sagepub.com/doi/abs/10.1177/0018726715622673,https://moscow.sci-hub.se/5232/c796b07ce549296bf38063d12c9585b6/schaubroeck2016.pdf,/pay/payonline,10.1177/0018726715622673,
The glass partition: Obstacles to cross-sex friendships at work,https://journals.sagepub.com/doi/abs/10.1177/0018726706068783,https://moscow.sci-hub.se/3879/717a66336ef7192ee717cdbe33bc6f8f/elsesser2006.pdf,/pay/payonline,10.1177/0018726706068783,
Servant leadership as a driver of employee service performance: Test of a trickle-down model and its boundary conditions,https://journals.sagepub.com/doi/abs/10.1177/0018726717738320,https://zero.sci-hub.se/6592/42da63b1b91c508c5cab11962cc614b1/wang2017.pdf,/pay/payonline,10.1177/0018726717738320,
Prisoners of leadership,https://journals.sagepub.com/doi/abs/10.1177/001872678804100305,https://moscow.sci-hub.se/4211/2e691640feacf844185fd5b248ac5a8a/ketsdevries1988.pdf,/pay/payonline,10.1177/001872678804100305,
Business partners and working the pumps: Human resource managers in the recession,https://journals.sagepub.com/doi/abs/10.1177/0018726712451282,https://moscow.sci-hub.se/3763/e7b947ff9192443af0fbbb7ca9e1db29/roche2012.pdf,/pay/payonline,10.1177/0018726712451282,
Hidden contexts and invisible power relations: A Foucauldian reading of diversity research,https://journals.sagepub.com/doi/abs/10.1177/0018726713491772,https://moscow.sci-hub.se/3973/022800ec0c0075935fc587a25693a245/ahonen2013.pdf,/pay/payonline,10.1177/0018726713491772,
Negative reciprocity and the association between perceived organizational ethical values and organizational deviance,https://journals.sagepub.com/doi/abs/10.1177/0018726709347159,https://moscow.sci-hub.se/2278/e451700ca009ab5b50713cda657fa4bb/biron2010.pdf,/pay/payonline,10.1177/0018726709347159,
Differential effects of empowering leadership on in-role and extra-role employee behaviors: Exploring the role of psychological empowerment and power values,https://journals.sagepub.com/doi/abs/10.1177/0018726710365092,https://moscow.sci-hub.se/4067/b99fc6df4d376dd86106b39aff5e9a6e/raub2010.pdf,/pay/payonline,10.1177/0018726710365092,
Unlearning and consent in the UK Fire and Rescue Service,https://journals.sagepub.com/doi/abs/10.1177/00187267211031179,https://sci-hub.se/10.1177/00187267211031179,/pay/payonline,10.1177/00187267211031179,
"Mixed feelings, mixed blessing? How ambivalence in organizational identification relates to employees' regulatory focus and citizenship behaviors",https://journals.sagepub.com/doi/abs/10.1177/0018726716639117,https://moscow.sci-hub.se/5225/f479592583b43090ed760d5504256782/schuh2016.pdf,/pay/payonline,10.1177/0018726716639117,
Co-worker reactions to i-deals through the lens of social comparison: The role of fairness and emotions,https://journals.sagepub.com/doi/abs/10.1177/0018726719884103,https://sci-hub.se/10.1177/0018726719884103,/pay/payonline,10.1177/0018726719884103,
A review and critique of workplace industrial relations typologies,https://journals.sagepub.com/doi/abs/10.1177/001872679604901001,https://moscow.sci-hub.se/4146/df6c6d070775de579f2ec66ffb3b2d8e/kitay1996.pdf,/pay/payonline,10.1177/001872679604901001,
"Predicting employee reactions to perceived organizational wrongdoing: Demoralization, justice, proactive personality, and whistle-blowing",https://journals.sagepub.com/doi/abs/10.1177/0018726712447004,https://zero.sci-hub.se/3144/9fd22880e07cad49aad03cdb7ece1b0e/miceli2012.pdf,/pay/payonline,10.1177/0018726712447004,
Supervisor negative feedback and employee motivation to learn: An attribution perspective,https://journals.sagepub.com/doi/abs/10.1177/00187267211038514,https://sci-hub.se/10.1177/00187267211038514,/pay/payonline,10.1177/00187267211038514,
Academic careers: The limits of the 'boundaryless approach'and the power of promotion scripts,https://journals.sagepub.com/doi/abs/10.1177/0018726710393537,https://moscow.sci-hub.se/4713/2f84c07d4af1caae3530d9b35aebcc63/dany2011.pdf,/pay/payonline,10.1177/0018726710393537,
Extending organizational socialization theory: Empirical evidence from volunteer work for refugees in France and Australia,https://journals.sagepub.com/doi/abs/10.1177/00187267211006451,https://sci-hub.se/10.1177/00187267211006451,/pay/payonline,10.1177/00187267211006451,
Moderators of the curvilinear relation between extent of telecommuting and job and life satisfaction: the role of performance outcome orientation and worker type,https://journals.sagepub.com/doi/abs/10.1177/0018726709349198,https://moscow.sci-hub.se/4015/54b09bbd4bc16a60ff0a577bdd6da979/virick2009.pdf,/pay/payonline,10.1177/0018726709349198,
Critical Essay: Meta-analysis: A critical realist critique and alternative,https://journals.sagepub.com/doi/abs/10.1177/0018726716674063,https://zero.sci-hub.se/7136/6d9cbdbdd555ddcac2970631bfdc0e7f/brannan2016.pdf,/pay/payonline,10.1177/0018726716674063,
What works for whom in which circumstances? On the need to move beyond the 'what works?'question in organizational intervention research,https://journals.sagepub.com/doi/abs/10.1177/0018726716670226,https://zero.sci-hub.se/6118/45124d1de6d55e07738f826facee953e/nielsen2016.pdf,/pay/payonline,10.1177/0018726716670226,
"On the use of"" intent to..."" variables in organizational research: An empirical and cautionary assessment",https://journals.sagepub.com/doi/abs/10.1177/001872679905201006,https://moscow.sci-hub.se/3687/9bb7292d249aa80a424c27aa2ecba256/dalton1999.pdf,/pay/payonline,10.1177/001872679905201006,
A typology of executive career specialization,https://journals.sagepub.com/doi/abs/10.1177/001872679404700501,https://moscow.sci-hub.se/3955/da497ffa1a31a33a9ec673139879dd3d/white1994.pdf,/pay/payonline,10.1177/001872679404700501,
National embeddedness and calculative human resource management in US subsidiaries in Europe and Australia,https://journals.sagepub.com/doi/abs/10.1177/0018726706072843,https://moscow.sci-hub.se/3934/0c75a389bf7d15c689176a32297c5bb7/gooderham2006.pdf,/pay/payonline,10.1177/0018726706072843,
Trust in teams: A taxonomy of perceived trustworthiness factors and risk-taking behaviors in face-to-face and virtual teams,https://journals.sagepub.com/doi/abs/10.1177/0018726718818721,https://sci-hub.se/10.1177/0018726718818721,/pay/payonline,10.1177/0018726718818721,
Family interference and employee dissatisfaction: Do agreeable employees better cope with stress?,https://journals.sagepub.com/doi/abs/10.1177/0018726714539714,https://moscow.sci-hub.se/4488/aa7f9fad995855ba4c41d2991c9b086a/anand2014.pdf,https://cdn1.booksdl.org/index.php?req=10.1177/0018726714539714,10.1177/0018726714539714,
Not welcome here: Discrimination towards women who wear the Muslim headscarf,https://journals.sagepub.com/doi/abs/10.1177/0018726712469540,https://moscow.sci-hub.se/3746/f024066b54dea63d5b5cc01aa4a4b830/ghumman2013.pdf,https://cdn1.booksdl.org/index.php?req=10.1177/0018726712469540,10.1177/0018726712469540,
A trickle-down model of task and development i-deals,https://journals.sagepub.com/doi/abs/10.1177/0018726717751613,https://zero.sci-hub.se/6758/7a36f3c80f148d9a8fd2cce72d31347b/rofcanin2018.pdf,https://cdn1.booksdl.org/index.php?req=10.1177/0018726717751613,10.1177/0018726717751613,
Expanding the boundaries of boundary theory: Regulative institutions and work–family role management,https://journals.sagepub.com/doi/abs/10.1177/0018726714524241,https://moscow.sci-hub.se/2322/9218045e15e393e140982a565908474d/piszczek2014.pdf,https://cdn1.booksdl.org/index.php?req=10.1177/0018726714524241,10.1177/0018726714524241,
Ask and you shall receive? Gender differences in negotiators' beliefs about requests for a higher salary,https://journals.sagepub.com/doi/abs/10.1177/00187267030566001,https://moscow.sci-hub.se/3761/44c5546929673bd0484fd084b6cc63c5/barron2003.pdf,https://cdn1.booksdl.org/index.php?req=10.1177/00187267030566001,10.1177/00187267030566001,
The influence of human factors and specialist involvement on information systems success,https://link.springer.com/article/10.1023/A:1016976501131,https://moscow.sci-hub.se/1098/17a13795e38ad8f775fcc0a51d92428e/martinsons1999.pdf,https://cdn1.booksdl.org/index.php?req=10.1023/A:1016976501131,10.1023/A:1016976501131,
The organizational fool: Balancing a leader's hubris,https://journals.sagepub.com/doi/abs/10.1177/001872679004300804,https://moscow.sci-hub.se/4173/d2c436117b6c6bdc193f2b2c9c138e16/devries1990.pdf,https://cdn1.booksdl.org/index.php?req=10.1177/001872679004300804,10.1177/001872679004300804,
Understanding social loafing: The role of justice perceptions and exchange relationships,https://journals.sagepub.com/doi/abs/10.1177/0018726703056001450,https://zero.sci-hub.se/2645/7054e7a96592cfa770cd867544b41251/murphy2003.pdf,https://cdn1.booksdl.org/index.php?req=10.1177/0018726703056001450,10.1177/0018726703056001450,
Employee reactions to office redesign: A naturally occurring quasi-field experiment in a multi-generational setting,https://journals.sagepub.com/doi/abs/10.1177/0018726709342932,https://moscow.sci-hub.se/3548/315f0a3e22c4d80d4296fa2d6fbfb729/mcelroy2010.pdf,https://cdn1.booksdl.org/index.php?req=10.1177/0018726709342932,10.1177/0018726709342932,
Doing more with less? Flexible working practices and the intensification of work,https://journals.sagepub.com/doi/abs/10.1177/0018726709349199,https://moscow.sci-hub.se/4529/a8bbb3982fd76f2ba01c1bcbc498e948/kelliher2009.pdf,https://cdn1.booksdl.org/index.php?req=10.1177/0018726709349199,10.1177/0018726709349199,
"Temporal issues in person–organization fit, person–job fit and turnover: The role of leader–member exchange",https://journals.sagepub.com/doi/abs/10.1177/0018726716636945,https://moscow.sci-hub.se/5225/ad6ba5207cf6a14a7e9cf99552fe3f84/boon2016.pdf,https://cdn1.booksdl.org/index.php?req=10.1177/0018726716636945,10.1177/0018726716636945,
When and how does functional diversity influence team innovation? The mediating role of knowledge sharing and the moderation role of affect-based trust in a team,https://journals.sagepub.com/doi/abs/10.1177/0018726715615684,https://moscow.sci-hub.se/4935/7ff6dcc53efb7ae5bb4803495bd1604a/cheung2016.pdf,https://cdn1.booksdl.org/index.php?req=10.1177/0018726715615684,10.1177/0018726715615684,
Co-workers who telework and the impact on those in the office: Understanding the implications of virtual work for co-worker satisfaction and turnover intentions,https://journals.sagepub.com/doi/abs/10.1177/0018726707084303,https://moscow.sci-hub.se/3102/ef08c088ea54dbde7d05669b6a0d2a83/golden2007.pdf,https://cdn1.booksdl.org/index.php?req=10.1177/0018726707084303,10.1177/0018726707084303,
How symbolic remuneration contributes to the legitimacy of the company: An institutional explanation,https://journals.sagepub.com/doi/abs/10.1177/0018726706067598,https://moscow.sci-hub.se/3729/cfb3fd17ab7c186321ee8a575720e41c/fernandez-alles2006.pdf,https://cdn1.booksdl.org/index.php?req=10.1177/0018726706067598,10.1177/0018726706067598,
A multiple climates approach to understanding business unit effectiveness,https://journals.sagepub.com/doi/abs/10.1177/0018726710365090,https://moscow.sci-hub.se/4238/7cb0f195b6ddd785c1a9c7bbf9739dc6/maccormick2010.pdf,https://cdn1.booksdl.org/index.php?req=10.1177/0018726710365090,10.1177/0018726710365090,
"Interaction of gender, mentoring, and power distance on career attainment: A cross-cultural comparison",https://journals.sagepub.com/doi/abs/10.1177/0018726713490000,https://zero.sci-hub.se/2642/2903114176dd0b7fe6063277ab6ea805/ramaswami2013.pdf,https://cdn1.booksdl.org/index.php?req=10.1177/0018726713490000,10.1177/0018726713490000,
"High commitment management in the UK: Evidence from the workplace industrial relations survey, and employers' manpower and skills practices survey",https://link.springer.com/article/10.1023/A:1016941914876,https://moscow.sci-hub.se/1098/83ca49e27371c78ea43ab717ab1ecdc0/wood1998.pdf,https://cdn1.booksdl.org/index.php?req=10.1023/A:1016941914876,10.1023/A:1016941914876,
Ethnic discrimination during résumé screening: Interactive effects of applicants' ethnic salience with job context,https://journals.sagepub.com/doi/abs/10.1177/0018726716676537,https://zero.sci-hub.se/6146/93f7284a105522c40683f5893e1c4d09/derous2016.pdf,https://cdn1.booksdl.org/index.php?req=10.1177/0018726716676537,10.1177/0018726716676537,
Creating readiness for organizational change,https://journals.sagepub.com/doi/abs/10.1177/001872679304600601,https://sci-hub.se/10.1177/001872679304600601,https://cdn1.booksdl.org/index.php?req=10.1177/001872679304600601,10.1177/001872679304600601,
Working identities? Antagonistic discursive resources and managerial identity,https://journals.sagepub.com/doi/abs/10.1177/0018726708101040,https://moscow.sci-hub.se/3763/cd2b206875afe81303f2bc06980495bd/clarke2009.pdf,https://cdn1.booksdl.org/index.php?req=10.1177/0018726708101040,10.1177/0018726708101040,
Family interference and employee dissatisfaction: Do agreeable employees better cope with stress?,https://journals.sagepub.com/doi/abs/10.1177/0018726714539714,https://moscow.sci-hub.se/4488/aa7f9fad995855ba4c41d2991c9b086a/anand2014.pdf,https://cdn1.booksdl.org/index.php?req=10.1177/0018726714539714,10.1177/0018726714539714,"Anand S, Vidyarthi P, Singh S, et al. Family interference and employee dissatisfaction: Do agreeable employees better cope with stress?[J]. Human Relations, 2015, 68(5): 691-708."
Not welcome here: Discrimination towards women who wear the Muslim headscarf,https://journals.sagepub.com/doi/abs/10.1177/0018726712469540,https://moscow.sci-hub.se/3746/f024066b54dea63d5b5cc01aa4a4b830/ghumman2013.pdf,https://cdn1.booksdl.org/index.php?req=10.1177/0018726712469540,10.1177/0018726712469540,"Ghumman S, Ryan A M. Not welcome here: Discrimination towards women who wear the Muslim headscarf[J]. Human relations, 2013, 66(5): 671-698."
A trickle-down model of task and development i-deals,https://journals.sagepub.com/doi/abs/10.1177/0018726717751613,https://zero.sci-hub.se/6758/7a36f3c80f148d9a8fd2cce72d31347b/rofcanin2018.pdf,https://cdn1.booksdl.org/index.php?req=10.1177/0018726717751613,10.1177/0018726717751613,"Rofcanin Y, Las Heras M, Bal P M, et al. A trickle-down model of task and development i-deals[J]. human relations, 2018, 71(11): 1508-1534."
Expanding the boundaries of boundary theory: Regulative institutions and work–family role management,https://journals.sagepub.com/doi/abs/10.1177/0018726714524241,https://moscow.sci-hub.se/2322/9218045e15e393e140982a565908474d/piszczek2014.pdf,https://cdn1.booksdl.org/index.php?req=10.1177/0018726714524241,10.1177/0018726714524241,"Piszczek M M, Berg P. Expanding the boundaries of boundary theory: Regulative institutions and work–family role management[J]. Human Relations, 2014, 67(12): 1491-1512."
Ask and you shall receive? Gender differences in negotiators' beliefs about requests for a higher salary,https://journals.sagepub.com/doi/abs/10.1177/00187267030566001,https://moscow.sci-hub.se/3761/44c5546929673bd0484fd084b6cc63c5/barron2003.pdf,https://cdn1.booksdl.org/index.php?req=10.1177/00187267030566001,10.1177/00187267030566001,"Barron L A. Ask and you shall receive? Gender differences in negotiators' beliefs about requests for a higher salary[J]. Human relations, 2003, 56(6): 635-662."
The influence of human factors and specialist involvement on information systems success,https://link.springer.com/article/10.1023/A:1016976501131,https://moscow.sci-hub.se/1098/17a13795e38ad8f775fcc0a51d92428e/martinsons1999.pdf,https://cdn1.booksdl.org/index.php?req=10.1023/A:1016976501131,10.1023/A:1016976501131,"Barron L A. Ask and you shall receive? Gender differences in negotiators' beliefs about requests for a higher salary[J]. Human relations, 2003, 56(6): 635-662."
